text,reward
"Question: A contemporary and modern design language is often used in formal speeches because it is 
A) formal. The language",0.5
"import React from ""ReactoTnt
AAAAAAAAAAAAAAA. From the",1.0
"Question:
Supernatural
_REFLECTING (Escape) is a 2020 American",0.5
"Question:
Three new cases of theThe Quebec 1994 film is a thriller",0.5
"Question:
Letting Go - A one-act play written by John Logan. Written by",0.5
"Question:
Let theSafe Harbor (A Rhapsodic poem by John Logan)Rhapsodic poem written by",0.5
"Question:
Find the 
import React from ""./React""
```
import React from ""./React",1.0
"Question:
Let the
aaRochester, PA
aaRochester, PA
",0.5
"Question: Leominster, Pennsylvania
AAAAAAAAAAAA, the AAAAAAAA
 AAAAA",0.5
"Question: Sine taupe, R. R. R. W. ",0.5
"Question: __---+/
     

Helsinki, Finland
Helsinki, Finland
H",0.5
"Question: Create a new text
aaaaaaaaaaaaa
 The Following the ______",0.5
"Question: _Sri Lanka R K, R. S., 3. 4. ",0.5
"Question: _Savory, M. M. M. F. G.",0.5
"Question: Frenzy
AAAAAAAAAAAA, the AAAAA, CEEEE",0.5
"Question: JUNE 4 5 6 7, 8 9 10
 A",0.5
"Question: List the
AAAAAAAAAAAA, the AAAAA in AAAAA, ""The"" (3 points)
 AAAAA",0.5
"Question: Calculating theSavannah, a film 9 is the",0.5
"Question: Lübeck, Northampton, Wiltshire
 Ã ",0.5
Question. Java-Portage Fourth Quarter Ticket Release Price: The First 1/2 2/3 (2,0.5
" improve,222.OOOoOooOOoOoOoOoOoOoOoO",0.5
________ undertaken „ theOO_T of egoPlayer ––––––––––––,0.5
"Question: …

",0.5
Twitter […] “ (,0.5
third […] ,0.5
"Α Κines, ’ ’ ’ ’ ’ ’ ’ ’ ’ ’ ’ ’ ’",0.5
Legendary [...:                  ,0.5
" unmist‐ … …
  …
 … … “ ’ ’ ’ ’ … ’",0.5
 chắc,0.5
ان    Home           ,0.5
 sais,0.5
" سال  %  % % % % % %
 % % % ( ""%25% % % “% “___",0.5
"WRITE –…
 – nuôi",0.5
ilmiştir …of百,0.5
 Kenn inmate …,0.5
 Gür p,0.5
Kay Econ ,0.5
Parenchus ,0.5
 friendsـlow-·—,0.5
 Nacional ,0.5
ları,0.5
وینت an,0.5
 presente,0.5
 asoci,0.5
 üzere ,0.5
 své,0.5
 cevap,0.5
"950  …
 ",0.5
řen,0.5
vigılacak,0.5
노,0.5
ş,0.5
Bonjour!.. ,0.5
چ,0.5
xin,0.5
ال,0.5
"
				
",0.5
 spend”— …:flex,0.5
Ba ,0.5
 own +,0.5
메 +,0.5
 Own +  unsuccessfully,0.5
" own ؟
   ",0.5
Ni,0.5
แ,0.5
"อ
",0.5
":)
",0.5
kem,0.5
pl,0.5
환,0.5
ubah,0.5
" малень,...

",0.5
" را vehicles]).
",0.5
 Name!!,0.5
" parce
    
    
",0.5
"-ब
		
",0.5
 İ,0.5
ederland,0.5
-Pro,0.5
 Porn	a péče,0.5
사,0.5
아,0.5
 Skill stavu,0.5
Carthy,0.5
 یک,0.5
 memiliki,0.5
Bonjour,0.5
서,0.5
Hey,0.5
"γ),

",0.5
Granted,0.5
É,0.5
"PU.''  _trial	
_personal",0.5
URRE,0.5
งค,0.5
Title,0.5
овід,0.5
 오,0.5
 ف,0.5
 speak_dynamic同意,0.5
ْم,0.5
